{"cameraMode":{"drawMode":0,"name":"Shaded","section":"Shading Mode"},"sceneLighting":false,"audioPlay":false,"sceneViewState":{"m_AlwaysRefresh":false,"showFog":true,"showSkybox":true,"showFlares":true,"showImageEffects":true,"showParticleSystems":true,"showVisualEffectGraphs":true,"m_FxEnabled":false},"in2DMode":false,"pivot":{"x":42.779212951660159,"y":57.447113037109378,"z":56.62925720214844},"rotation":{"x":0.18106594681739808,"y":0.2206590622663498,"z":-0.04172724857926369,"w":0.9574939012527466},"size":1.5716179609298707,"orthographic":false}