{"cameraMode":{"drawMode":0,"name":"Shaded","section":"Shading Mode"},"sceneLighting":false,"audioPlay":false,"sceneViewState":{"m_AlwaysRefresh":false,"showFog":true,"showSkybox":true,"showFlares":true,"showImageEffects":true,"showParticleSystems":true,"showVisualEffectGraphs":true,"m_FxEnabled":false},"in2DMode":false,"pivot":{"x":46.86503601074219,"y":57.90757751464844,"z":37.191951751708987},"rotation":{"x":-0.12467176467180252,"y":-0.30487731099128725,"z":0.040292009711265567,"w":-0.9433416128158569},"size":1.5716198682785035,"orthographic":false}