{"cameraMode":{"drawMode":0,"name":"Shaded","section":"Shading Mode"},"sceneLighting":false,"audioPlay":false,"sceneViewState":{"m_AlwaysRefresh":false,"showFog":true,"showSkybox":true,"showFlares":true,"showImageEffects":true,"showParticleSystems":true,"showVisualEffectGraphs":true,"m_FxEnabled":false},"in2DMode":false,"pivot":{"x":41.874366760253909,"y":65.11370849609375,"z":49.0880241394043},"rotation":{"x":0.26712289452552798,"y":0.035836562514305118,"z":-0.009963813237845898,"w":0.9629617929458618},"size":1.5716198682785035,"orthographic":false}