{"cameraMode":{"drawMode":0,"name":"Shaded","section":"Shading Mode"},"sceneLighting":false,"audioPlay":false,"sceneViewState":{"m_AlwaysRefresh":false,"showFog":true,"showSkybox":true,"showFlares":true,"showImageEffects":true,"showParticleSystems":true,"showVisualEffectGraphs":true,"m_FxEnabled":false},"in2DMode":false,"pivot":{"x":43.710662841796878,"y":58.40142822265625,"z":57.42292022705078},"rotation":{"x":0.21206289529800416,"y":-0.16618160903453828,"z":0.03662046417593956,"w":0.9623330235481262},"size":0.5456549525260925,"orthographic":false}