{"cameraMode":{"drawMode":0,"name":"Shaded","section":"Shading Mode"},"sceneLighting":false,"audioPlay":false,"sceneViewState":{"m_AlwaysRefresh":false,"showFog":true,"showSkybox":false,"showFlares":true,"showImageEffects":true,"showParticleSystems":true,"showVisualEffectGraphs":true,"m_FxEnabled":false},"in2DMode":false,"pivot":{"x":-0.36720868945121767,"y":1.7606017589569092,"z":0.09616625308990479},"rotation":{"x":-0.0006347351591102779,"y":-0.9977872967720032,"z":0.06595004349946976,"w":-0.009580171667039395},"size":1.5461100339889527,"orthographic":false}