{"cameraMode":{"drawMode":0,"name":"Shaded","section":"Shading Mode"},"sceneLighting":false,"audioPlay":false,"sceneViewState":{"m_AlwaysRefresh":false,"showFog":false,"showSkybox":false,"showFlares":false,"showImageEffects":false,"showParticleSystems":false,"showVisualEffectGraphs":true,"m_FxEnabled":true},"in2DMode":false,"pivot":{"x":0.8338806629180908,"y":0.38665902614593508,"z":-2.199458360671997},"rotation":{"x":0.027997944504022599,"y":0.9635804295539856,"z":-0.1117914617061615,"w":0.2413247972726822},"size":2.2763352394104006,"orthographic":false}