{"cameraMode":{"drawMode":0,"name":"Shaded","section":"Shading Mode"},"sceneLighting":false,"audioPlay":false,"sceneViewState":{"m_AlwaysRefresh":false,"showFog":true,"showSkybox":false,"showFlares":true,"showImageEffects":true,"showParticleSystems":true,"showVisualEffectGraphs":true,"m_FxEnabled":false},"in2DMode":false,"pivot":{"x":66.69999694824219,"y":48.099998474121097,"z":57.769996643066409},"rotation":{"x":0.21206289529800416,"y":-0.16618160903453828,"z":0.03662046417593956,"w":0.9623330235481262},"size":186.7925567626953,"orthographic":false}